left_index,right_index,Weighted Mean Similarity Score,0:Supplier/Partner_Name,1:Supplier/Partner_Name,2:Supplier/DBA,3:Supplier/DBA,4:Invoice_Ship_to_Address/Partner_Name,5:Invoice_Ship_to_Address/Partner_Name,6:Invoice_Ship_to_Address/DBA,7:Invoice_Ship_to_Address/DBA
0,0,0.47407926986743876,1.0,1.0,0.5796357,0.2307095,0.0,0.0,0.0,0.0
0,1,0.0925963342963875,0.3564959,0.0,0.0,0.0,0.0,0.0,0.0,0.0
1,0,0.47407926986743876,1.0,1.0,0.5796357,0.2307095,0.0,0.0,0.0,0.0
1,1,0.0925963342963875,0.3564959,0.0,0.0,0.0,0.0,0.0,0.0,0.0
3,0,0.4740792698674388,1.0,1.0,0.5796357,0.2307095,0.0,0.0,0.0,0.0
3,1,0.0925963342963875,0.3564959,0.0,0.0,0.0,0.0,0.0,0.0,0.0
4,2,0.7012987012987012,1.0,1.0,1.0,1.0,0.0,0.0,0.0,0.0
