,left_index,right_index,label,Weighted Mean Similarity Score,0:Supplier/Partner_Name,1:Supplier/Partner_Name,2:Supplier/DBA,3:Supplier/DBA,4:Invoice_Ship_to_Address/Partner_Name,5:Invoice_Ship_to_Address/Partner_Name,6:Invoice_Ship_to_Address/DBA,7:Invoice_Ship_to_Address/DBA,overlap11,ratio11,overlap12,ratio12,overlap21,ratio21,overlap22,ratio22
0,0,0,1,0.4740792698674387,1.0,1.0,0.5796357,0.2307095,0.0,0.0,0.0,0.0,1.0,1.0,1.0,1.0,1.0,1.0,0.1875,0.44
1,0,1,0,0.0925963342963875,0.3564959,0.0,0.0,0.0,0.0,0.0,0.0,0.0,1.0,1.0,0.0,0.0,0.2222222222222222,0.43,0.0,0.0
2,1,0,1,0.4740792698674387,1.0,1.0,0.5796357,0.2307095,0.0,0.0,0.0,0.0,1.0,1.0,1.0,1.0,1.0,1.0,0.1875,0.44
3,1,1,0,0.0925963342963875,0.3564959,0.0,0.0,0.0,0.0,0.0,0.0,0.0,1.0,1.0,0.0,0.0,0.2222222222222222,0.43,0.0,0.0
4,3,0,1,0.4740792698674388,1.0,1.0,0.5796357,0.2307095,0.0,0.0,0.0,0.0,1.0,1.0,1.0,1.0,1.0,1.0,0.1875,0.44
5,3,1,0,0.0925963342963875,0.3564959,0.0,0.0,0.0,0.0,0.0,0.0,0.0,1.0,1.0,0.0,0.0,0.2222222222222222,0.43,0.0,0.0
6,4,2,1,0.7012987012987012,1.0,1.0,1.0,1.0,0.0,0.0,0.0,0.0,1.0,1.0,1.0,1.0,0.0,0.0,0.0,0.0
